type,id,name,gender,person,description
way,4405030,Rue Dominique Seret,F,,
way,23147632,Chaussée Romaine - chemin 1,F,,
way,23429454,Rue du Pont de Ligny - Rue de Fleurus,F,,
way,28538018,Rue Adrienne Bolland,F,,
way,28538022,Rue Adrienne Bolland,F,,
way,29252870,Rue Reine Astrid,F,,
way,30083086,Chemin du Tri Marie Linô,F,,
way,30169257,Rue de Claire Fontaine,F,,
way,30169259,Rue de Claire Fontaine,F,,
way,30391173,Rue des Chèvres (Ouest) - Rue de Monceau (Est),F,,
way,30659834,Rue de Trazegnies (Ouest) - Rue Paul Janson (Est),F,,
way,38213942,Rue des Chèvres (Ouest) - Rue de Monceau (Est),F,,
way,39859524,Rue de la Blanche Borne,F,,
way,49381291,Boulevard Zoé Drion,F,,
way,60076555,Rue de la Blanche Borne,F,,
way,63883119,Rue Estelle Chaudron,F,,
way,65572669,Rue Marguerite Depasse,F,,
way,67720816,Rue Margot du Hainaut,F,,
way,68279393,Rue Camille Caréna,F,,
way,71838117,Rue de Velaine - Rue de la Chênée,F,,
way,72928749,Square Reine Astrid,F,,
way,84973413,Rue Louise Michel,F,,
way,84973416,Rue Louise Michel,F,,
way,87340913,Rue Adrienne Bolland,F,,
way,87340917,Rue Adrienne Bolland,F,,
way,88141641,Rue Germaine Dewandre,F,,
way,88235506,Rue Camille Lebon,F,,
way,88235513,Rue Camille Lebon,F,,
way,88235558,Rue Camille Lebon,F,,
way,88270381,Rue Eugénie Pirson-Lothier,F,,
way,88488664,Rue Belle Fontaine,F,,
way,88490116,Rue Blanche Maison,F,,
way,88776356,Avenue Reine Astrid,F,,
way,88776361,Avenue Reine Astrid,F,,
way,89029928,Rue Blanche Maison,F,,
way,89029930,Rue Marceline Neys,F,,
way,89034275,Rue Jeannine Haudin,F,,
way,89034279,Rue Marceline Neys,F,,
way,89396201,Rue du Beauregard - Rue Joseph Francq,F,,
way,89404558,Rue du Moulin à Vent - Rue des Bâtis,F,,
way,89404581,Rue Belle Vue,F,,
way,89404602,Rue de Namur - Rue Nestor Marin,F,,
way,89520182,Avenue Reine Astrid,F,,
way,91245194,Place Marie Gevers,F,,
way,91245198,Place Marie Gevers,F,,
way,91245199,Rue Marie Curie,F,,
way,91245200,Rue Françoise Dolto,F,,
way,91245202,Place Marie Gevers,F,,
way,91245203,Rue Marguerite Yourcenar,F,,
way,91245205,Ru Marguerite Yourcenar,F,,
way,92242671,Rue Saint-François - Rue de Gilly,F,,
way,92242696,Rue Saint-François - Rue Émile Vandervelde,F,,
way,92435926,Avenue Reine Astrid,F,,
way,93398749,Rue Sarah Vanderkhove,F,,
way,93398750,Rue Sarah Vanderkhove,F,,
way,93398753,Rue Sarah Vanderkhove,F,,
way,96680338,Avenue Reine Elisabeth,F,,
way,103258484,Ruelle Collinette (Ouest) - Rue de la Rosière (Est),F,,
way,103258495,Rue de la Violette (Nord) - Rue des Goutteaux (Sud),F,,
way,103310782,Rue de la Marine (Nord) - Rue du Château d'Eau (Sud),F,,
way,103435539,Rue de la Limite (Nord) - Rue de l'Abbaye (Sud),F,,
way,103455264,Place Camille Dessart,F,,
way,103497736,Rue Lucie Dejardin,F,,
way,103497747,Rue Yvonne Vieslet,F,,
way,108167196,Rue Hortense Hocquemiller,F,,
way,115634842,Rue Louise Michel,F,,
way,115888793,Rue Camille Desy,F,,
way,115888796,Rue Camille Desy,F,,
way,116253012,Petite Rue des Vaucelles,F,,
way,117617158,Rue Camille Albert,F,,
way,119312600,Avenue Reine Astrid,F,,
way,134160632,Rue Marguerite Yourcenar,F,,
way,134160633,Rue Marguerite Yourcenar,F,,
way,136714148,Rue des Fiestaux - Rue des Sarts,F,,
way,137506074,Rue Reine Astrid,F,,
way,139860634,Rue des Culées - Rue de la Brasserie,F,,
way,139869222,Rue Reine Elisabeth,F,,
way,142042836,Chemin du Tri Marie Linô,F,,
way,142543043,Cité Heureuse (Ouest) - Rue Courte (Est),F,,
way,164764910,Rue Fernande Volral,F,,
way,172160640,Ruelle marie Chinon,F,,
way,201492317,Boulevard Zoé Drion,F,,
way,201512125,Rue de la Marine (Nord) - Rue du Château d'Eau (Sud),F,,
way,202154269,Place Reine Astrid,F,,
way,202154272,Place Reine Astrid,F,,
way,202155193,Place Reine Astrid,F,,
way,204395564,Rue Remoncheval (Nord) - Rue Paul Pastur (Sud),F,,
way,204395571,Rue du Cerisier (Nord) - Rue Jean Lipsin (Sud),F,,
way,206642083,Chaussée de Châtelet - Rue de Gilly,F,,
way,207327083,Rue Blanche Tête,F,,
way,207327208,Rue Marie Adam,F,,
way,211465090,Rue de Fleurus - Rue du Campinaire,F,,
way,219013237,Rue de Claire Fontaine,F,,
way,225237707,Rue Marguerite Depasse,F,,
way,225409274,Rue Adrienne Bolland,F,,
way,225409276,Rue Adrienne Bolland,F,,
way,226046364,Rue Alice Bron,F,,
way,226046556,Rue Marie Mineur,F,,
way,230824545,Rue de Piéton - Rue Marchand Père et Fils,F,,
way,230824546,Rue de Piéton - Rue Marchand Père et Fils,F,,
way,245191245,Avenue Reine Astrid,F,,
way,245500752,Rue de Villers - Rue des Précheurs,F,,
way,248705884,Rue Hans Pierre (Nord) - Rue Paul Pastur (Sud),F,,
way,249768900,Rue des Cloutiers (Nord) - Rue des Hauts de Roux (Sud),F,,
way,255322739,Rue Dominique Seret,F,,
way,259181093,Place Camille Dessart,F,,
way,265848068,Rue Gabrielle Petit,F,,
way,273845283,Rue Belle Motte - Rue du Faubourg,F,,
way,315768374,Rue Camille Thirionet,F,,
way,355234185,Rue Marie Danse,F,,
way,359638046,Rue de Velaine - Rue Mangon,F,,
way,368034284,Rue de Piéton - Rue Marchand Père et Fils,F,,
way,368034285,Rue de Piéton - Rue Marchand Père et Fils,F,,
way,368510065,Quartier Marie la Guerre,F,,
way,368510071,Quartier Marie la Guerre,F,,
way,368988476,Rue de Namur - Rue Nestor Marin,F,,
way,369481077,Place Jules Destrée / Rue du Wainage,F,,
way,403375392,Rue Blanche Maison,F,,
way,406489395,Cité Heureuse (Ouest) - Rue de la Paix (Est),F,,
way,427566414,Giratoire Marie La Guerre,F,,
way,439784197,Rue de la Blanche Borne,F,,
way,445091807,Rue de la Belle Journée,F,,
way,454285531,Rue de Farciennes - Rue du Wainage,F,,
way,466919131,Rue Lison (Ouest) / Rue du Corbeau (Est),F,,
way,466919165,Rue Saint-François - Rue Émile Vandervelde,F,,
way,474541414,Rue Isabelle Gatti de Gamond,F,,
way,520778799,Avenue Reine Astrid,F,,
way,520778800,Avenue Reine Astrid,F,,
way,550457780,Rue Bonne Espérance - Rue de Farciennes,F,,
way,603299704,Allée des Croisades - Rue Bertransart,F,,
way,603299705,Allée des Croisades - Rue Bertransart,F,,
way,608639590,Rue Hubert Bouvry - Rue de Piéton,F,,
way,609488245,Rue Jules Tison - Rue Oscar Carlier,F,,
way,612061547,Rue de la Croix - Rue de Châtelineau,F,,
way,612277947,Chaussée de Châtelet - Rue de Gilly,F,,
way,612277953,Rue Lison - Rue du Corbeau,F,,
way,612559488,Rue de la Plateure - Rue du Fayt,F,,
way,613395682,Avenue de Spirou - Rue de la Sablonnière,F,,
way,613993187,Chaussée de Charleroi - Rue de la Flaminette,F,,
way,614780809,Rue Trou à la Vigne - Rue Auguste Sottiaux,F,,
way,614780810,Rue Trou à la Vigne - Rue Auguste Sottiaux,F,,
way,617210505,Rue Marguerite Yourcenar,F,,
way,617210506,Rue Marguerite Yourcenar,F,,
way,617397280,Baty de Melonsart - Rue Baty de Melonsart,F,,
way,656714053,Rue de Moignelée - Rue de Fleurus,F,,
way,667936170,Avenue Reine Astrid,F,,
way,667936171,Avenue Reine Astrid,F,,
way,827281779,Rue Margot de Hainaut,F,,
way,839334545,Rue Camille Auquit,F,,
way,844424518,Rue de Trazegnies (Ouest) - Rue Paul Janson (Est),F,,
way,845876316,Giratoire Marie La Guerre,F,,
way,845876317,Giratoire Marie La Guerre,F,,
way,845876318,Giratoire Marie La Guerre,F,,
way,845876319,Giratoire Marie La Guerre,F,,
way,845876320,Giratoire Marie La Guerre,F,,
way,845876321,Giratoire Marie La Guerre,F,,
way,846256840,Avenue Reine Astrid,F,,
way,916720675,Rue Sarah Vanderkhove,F,,
way,971348647,Rue Marguerite Depasse,F,,
way,971348648,Rue Marguerite Depasse,F,,
way,1019045376,Rue de Trazegnies (Ouest) - Rue Paul Janson (Est),F,,
way,1019383333,Chaussée de Châtelet - Rue de Gilly,F,,
way,1019663489,Rue de la Blanche Borne,F,,
way,1049590272,Rue Reine Astrid,F,,
way,1094967685,Ruelle marie Chinon,F,,
way,1152006901,Rue de la Blanche Borne,F,,
way,1152006902,Rue de la Blanche Borne,F,,
way,1168875646,Rue de la Blanche Borne,F,,
way,1168875647,Rue de la Blanche Borne,F,,
way,1168875648,Rue de la Blanche Borne,F,,
way,1168875649,Rue de la Blanche Borne,F,,
way,8092555,Rue Léon Burny,M,,
way,8092613,Rue Maurice Burlet,M,,
way,14331823,Rue Armand Staquet,M,,
way,23000954,Avenue Emile Stassart,M,,
way,23079898,Square Jules Hiernaux,M,,
way,23079909,Boulevard Joseph Tirou,M,,
way,23099973,Rue Auguste Scohy,M,,
way,23154869,Rue Raymond Clabecq,M,,
way,23154884,Rue Arnold Lanciers,M,,
way,23154896,Rue Léon Terwagne,M,,
way,23311603,Rue Joseph Lefebvre,M,,
way,23315799,Rue François Demoiny,M,,
way,27668087,Rue Jules Hoebeke,M,,
way,27668340,Rue Réné Bernier,M,,
way,27668351,Rue Félicien Molle,M,,
way,28000354,Avenue Henri Pétrez,M,,
way,28009962,Rue François Givron,M,,
way,28009966,Rue Henri Loriaux,M,,
way,28010234,Rue Gaston Boudin,M,,
way,28511341,Rue Thomas Bonehill,M,,
way,28538017,Avenue Georges Lemaître,M,,
way,28538020,Rue Louis Blériot,M,,
way,28538021,Rue Louis Blériot,M,,
way,28538023,Avenue Georges Lemaître,M,,
way,28538024,Avenue Georges Lemaître,M,,
way,28538026,Avenue Jean Mermoz,M,,
way,28538027,Avenue Jean Mermoz,M,,
way,28538028,Avenue Jean Mermoz,M,,
way,28538029,Avenue Jean Mermoz,M,,
way,28538118,Rue Auguste Piccard,M,,
way,29252871,Rue Léopold III,M,,
way,29252874,Rue Adolphe Debienne,M,,
way,29252875,Rue Adolphe Debienne,M,,
way,29252888,Rue François Givron,M,,
way,29253001,Rue Georges Theys,M,,
way,29277912,Rue Edmond Aubry,M,,
way,29277942,Rue Xavier Dumont de Chassart,M,,
way,29381102,Rue Joseph Lhoir,M,,
way,29381511,Rue Rodolphe Delval,M,,
way,29556997,Rue Joseph Lhoir,M,,
way,29558804,Rue Francisco Ferrer,M,,
way,30007909,Rue Winston Churchill,M,,
way,30169527,Rue Winston Churchill,M,,
way,30173552,Rond-Point Jean Govaerts,M,,
way,30391437,Rue Maximilien Wattelar,M,,
way,30595107,Square Jean Dardenne,M,,
way,30595108,Rue Charles Dupret,M,,
way,30659736,Avenue Maurice Autequitte,M,,
way,30685055,Rue Francisco Ferrer,M,,
way,31137159,Rue Jules Destrée,M,,
way,31782468,Rue Louis Blériot,M,,
way,31811213,Place Roi Baudouin,M,,
way,31853599,Rue Les Bois,M,,
way,31859633,Rue Joseph Wauters,M,,
way,31870156,Rue Joseph Martin,M,,
way,31870157,Rue Konrad Adenauer,M,,
way,31891128,Rue Président John Kennedy,M,,
way,31891137,Rue Jules Destrée,M,,
way,31969022,Rue Joseph Martin,M,,
way,31970587,Rue Francisco Ferrer,M,,
way,31976290,Rue Joseph Wauters,M,,
way,32019024,Rue Ernest Praile,M,,
way,32040843,Rue Auguste Scohy,M,,
way,32439940,Rue Arthur Baudhuin,M,,
way,33141838,Rue Léon Mercier,M,,
way,33141878,Rue Léon Burny,M,,
way,33142099,Rue Herbert Hoover,M,,
way,33142644,Rue Edouard Lacroix,M,,
way,33142645,Rue Gaston Wautot,M,,
way,33854360,Rue Paul Pastur,M,,
way,33854402,Place Albert 1er,M,,
way,33854408,Place Albert 1er,M,,
way,35322722,Rue Emile Vandervelde,M,,
way,35326918,Rue Joseph Wauters,M,,
way,35923411,Rue Léon Dubray,M,,
way,36547480,Cité Constant Druine,M,,
way,36548447,Rue Philippe Monnoyer,M,,
way,37681858,Rue Alexandre Lepage,M,,
way,37681862,Rue Edmond Foulon,M,,
way,37795824,Rue Émile Vandervelde,M,,
way,38156997,Rue Herbert Hoover,M,,
way,38156998,Rue Auguste Sottiaux,M,,
way,38160096,Rue Fernand Bernard,M,,
way,38162808,Rue Émile Vandervelde,M,,
way,38210157,Rue Albert Ier,M,,
way,38213977,Rue Major Housiau,M,,
way,39667136,Rue Clément Ader,M,,
way,39667142,Rue Charles Lindberg,M,,
way,39667143,Rue Louis Breguet,M,,
way,39667535,Avenue Georges Lemaître,M,,
way,39855114,Rue Hector Gratia,M,,
way,39855115,Rue Hector Gratia,M,,
way,42270027,Rue Jean Monnet,M,,
way,43137152,Rue Jules Destrée,M,,
way,49381281,Boulevard Gustave Roullier,M,,
way,49381289,Rue Léon Bernus,M,,
way,49381343,Boulevard Joseph II,M,,
way,49381349,Boulevard Alfred de Fontaine,M,,
way,49381371,Rue Émile Tumelaire,M,,
way,49384612,Rue Patrice Lumumba,M,,
way,49388483,Boulevard Émile Devreux,M,,
way,49389366,Rue Arthur Regniers,M,,
way,49391310,Rue Willy Ernst,M,,
way,49393373,Boulevard Pierre Mayence,M,,
way,49393400,Boulevard Joseph Tirou,M,,
way,50586135,Rue Joseph Lefebvre,M,,
way,51413394,Rue Albert 1er,M,,
way,51426897,Rue Carlo Hénin,M,,
way,51427932,Rue Albert 1er,M,,
way,52474966,Quai Paul Verlaine,M,,
way,52474971,Rue Albert Brachet,M,,
way,52887347,Boulevard Frans Dewandre,M,,
way,53122315,Rue Francisco Ferrer,M,,
way,53122320,Rue Francisco Ferrer,M,,
way,55465109,Rue Poète Charles Michel,M,,
way,56045312,Rue Jos Grégoire,M,,
way,56045321,Rue Paul Vassart,M,,
way,56045330,Place Albert 1er,M,,
way,56045339,Place Charles Gailly,M,,
way,57914143,Rue Jean-Baptiste Cuinié,M,,
way,57914144,Rue Jean-Baptiste Vanpetegem,M,,
way,58205593,Rue François Duray,M,,
way,58205595,Rue François Duray,M,,
way,58205598,Chemin Raymond Neffe,M,,
way,58205599,Rue Victor Vandekerkhove,M,,
way,58205605,Rue Jean Ligny,M,,
way,58379184,Rue Henry Debeaume,M,,
way,58731395,Rue Omer Lison,M,,
way,58731396,Rue Georges Delersy,M,,
way,58731408,Rue Albert 1er,M,,
way,58731414,Rue Augustin Duvivier,M,,
way,58808176,Rue Jules Destrée,M,,
way,59752060,Rue Alfred Langlois,M,,
way,60110833,Boulevard Gustave Roullier,M,,
way,60110834,Boulevard Gustave Roullier,M,,
way,60110837,Boulevard Gustave Roullier,M,,
way,60111784,Allée du Beau Chéniat,M,,
way,60113414,Rue Florian Montagne,M,,
way,60124288,Rue Jean Hublou,M,,
way,60170806,Boulevard Pierre Mayence,M,,
way,60184555,Boulevard Joseph Tirou,M,,
way,60184556,Rue Charles Dupret,M,,
way,60336546,Rue Émile Vandervelde,M,,
way,60336711,Boulevard Joseph Tirou,M,,
way,60582563,Place Emile Vandervelde,M,,
way,60857680,Rue Albert Darquenne,M,,
way,61013744,Rue Paul Pastur,M,,
way,61096516,Rue Émile Vandervelde,M,,
way,61232453,Rue François Léon Bruyerre,M,,
way,61259050,Rue Émile Dutrieux,M,,
way,61314383,Rue Omer Lefèvre,M,,
way,61314386,Place du Nord Michel Levie,M,,
way,61325078,Place Raymond Delvaux,M,,
way,61334768,Rue Adolphe Biarent,M,,
way,61421526,Avenue Émile Vandervelde,M,,
way,61500607,Place Jean Guyot,M,,
way,61590801,Rue Auguste Pierard,M,,
way,61590813,Rue Jules Destrée,M,,
way,61590822,Rue Emile Hermant,M,,
way,61590833,Rue Charles Degrange,M,,
way,61950838,Rue Adolphe Biarent,M,,
way,61950845,Rue Edmond Yernaux,M,,
way,61950849,Rue Henri Van Cutsem,M,,
way,61980731,Boulevard Alfred de Fontaine,M,,
way,61980746,Boulevard Joseph II,M,,
way,61980749,Boulevard Alfred de Fontaine,M,,
way,62148610,Avenue Caporal Alain Debatty,M,,
way,62149276,Avenue Caporal Alain Debatty,M,,
way,62149278,Avenue Caporal Alain Debatty,M,,
way,62149283,Avenue Caporal Alain Debatty,M,,
way,62202563,Rue Hector Denis,M,,
way,62344608,Rue Jean Jaurès,M,,
way,63337855,Rue Antoine Carnière,M,,
way,63337865,Avenue Jean Jaurès,M,,
way,63657759,Rue Jules Bordet,M,,
way,63657762,Rue Eugène Hins,M,,
way,63883137,Rue Léo Darton,M,,
way,63899108,Rue Arthur Delire,M,,
way,64147300,Rue Paul Pastur,M,,
way,64602275,Rue Emile Vandervelde,M,,
way,64602334,Rue Jean Govaerts,M,,
way,64602414,Rue Francisco Ferrer,M,,
way,64624625,Rue Alfred Tenret,M,,
way,65799646,Rue Etienne Dourlet,M,,
way,65854366,Rue Francois Reconnu,M,,
way,66215834,Rue Sans Nom,M,,
way,66215846,Rue Casimir Lambert,M,,
way,66348577,Rue Alain Duval,M,,
way,66348589,Rue Ernest Solvay,M,,
way,66348608,Rue Ernest Solvay,M,,
way,66348610,Rue Léon Dufays,M,,
way,66643531,Rue Jean Jaurès,M,,
way,66643987,Rue Terry Mouchon,M,,
way,66643999,Square Jean Dardenne,M,,
way,66644001,Rue Charles Dupret,M,,
way,67401547,Place Jules Destrée,M,,
way,67401568,Rue Georges Clémenceau,M,,
way,67401601,Avenue Caporal Alain Debatty,M,,
way,67401604,Place Jules Destrée,M,,
way,67545184,Rue Constantin Meunier,M,,
way,67557398,Quai Arthur Rimbaud,M,,
way,67573624,Rue Constant Renchon,M,,
way,67575594,Allée Winston Churchill,M,,
way,67583010,Rue Herbert Hoover,M,,
way,67585232,Rue Pierre Baily,M,,
way,67585238,Rue Jean Jaurès,M,,
way,67585239,Rue Émile Nonnon,M,,
way,67585242,Rue Charles Ernest,M,,
way,67588297,Rue Albert Goffin,M,,
way,67588301,Rue Joseph Wauters,M,,
way,67588325,Rue Émile Cliquet,M,,
way,67588342,Rue Albert Brachet,M,,
way,67588343,Rue Albert Brachet,M,,
way,67591019,Rue Florian Montagne,M,,
way,67591020,Rue Florian Montagne,M,,
way,67720812,Rue Francois Reconnu,M,,
way,68279394,Rue Edouard Falony,M,,
way,68279395,Rue Émile Maufort,M,,
way,68280746,Rue Émile Vandervelde,M,,
way,68280747,Rue Victor Lucq,M,,
way,68280749,Rue Alfred Georges,M,,
way,68280758,Rue Paul Barré,M,,
way,68280760,Rue Van Geersdaele,M,,
way,68280762,Rue Joseph Wauters,M,,
way,68280766,Rue Joseph Wauters,M,,
way,68280776,Rue Pierre Paulus,M,,
way,68281417,Rue Joseph Fourneaux,M,,
way,68281419,Rue Joseph Fourneaux,M,,
way,68281602,Rue Cornelis Debruyn,M,,
way,68281854,Rue Jules Houssière,M,,
way,68282513,Rue Louis Roisin,M,,
way,68282530,Rue Julien Lahaut,M,,
way,68283727,Rue Hans Pierre,M,,
way,68283728,Rue Jules Pannier,M,,
way,68283729,Rue Joseph Lambillotte,M,,
way,68283731,Rue Joseph Fourneaux,M,,
way,68283952,Rue Arthur Decoux,M,,
way,68283982,Rue Arthur Dandois,M,,
way,68666756,Rue Paul Henrard,M,,
way,68666929,Rue Paul Janson,M,,
way,69138290,Rue Hector Denis,M,,
way,69138295,Avenue Henri Dewiest,M,,
way,69169446,Rue Jules Berny,M,,
way,69169500,Rue Albert Lemaitre,M,,
way,69169504,Rue Nestor Falise,M,,
way,69177649,Rue Jean Coyette,M,,
way,69178253,Rue Louis Lambert,M,,
way,69560466,Rue Jean Jaurès,M,,
way,69560476,Rue Léonard Misonne,M,,
way,69560480,Rue Jean Jaurès,M,,
way,69567092,Rue Horace Pierard,M,,
way,69574306,Rue Paul Pastur,M,,
way,69716639,Rue Hubert Bouvry,M,,
way,69716640,Rue Hubert Bouvry,M,,
way,69716643,Rue Hubert Bouvry,M,,
way,69716645,Rue Augustin Berger,M,,
way,69728778,Rue Emile Hautem,M,,
way,70601554,Rue Jules Ruhl,M,,
way,70601565,Rue Joseph Allard,M,,
way,70601583,Square Jules Ruhl,M,,
way,70601610,Avenue Emile Rousseaux,M,,
way,70605052,Rue Henri Mommens,M,,
way,70605054,Rue Major Alfred Servais,M,,
way,70605055,Rue Major Alfred Servais,M,,
way,70605060,Rue Léopold Tombelle,M,,
way,70605062,Rue Alfred Leroy,M,,
way,70605066,Rue Julien Dulait,M,,
way,70605078,Rue Raymond Jacques,M,,
way,70605328,Avenue Albert 1er,M,,
way,71082780,Rue Joseph Wauters,M,,
way,71082784,Rue Edouard Léonard,M,,
way,71838114,Rue Arthur Gailly,M,,
way,71838115,Rue Poète Charles Michel,M,,
way,71838120,Rue Edouard Baillon,M,,
way,71838124,Rue Edouard Baillon,M,,
way,71838138,Rue Edouard Baillon,M,,
way,71838139,Rue Poète Charles Michel,M,,
way,71838142,Rue Marcel Brichard,M,,
way,72370890,Rue Louis Pasteur,M,,
way,72424058,Square Émile Buisset,M,,
way,72503256,Rue Jules Mattez,M,,
way,72503261,Rue Paul Janson,M,,
way,72509755,Place Albert 1er,M,,
way,72509758,Rue Fernand Hotyat,M,,
way,72509765,Rue Fernand Hotyat,M,,
way,72509859,Rue Edmond Yernaux,M,,
way,72928751,Square Albert 1er,M,,
way,72928752,Square Albert 1er,M,,
way,74250632,Rue René De Cooman,M,,
way,74917009,Rue François de Chasteler,M,,
way,74917010,Rue Julien Lahaut,M,,
way,74917016,Rue François de Chasteler,M,,
way,74917019,Centre Spartacus Huart,M,,
way,74917027,Rue Nestor Falise,M,,
way,74917032,Rue Benne Sans Fosse,M,,
way,74917043,Rue Émile Turlot,M,,
way,74917047,Rue François de Chasteler,M,,
way,74917054,Centre Spartacus Huart,M,,
way,75025736,Rue Paul Pastur,M,,
way,75025737,Rue Nestor Jonet,M,,
way,75026620,Rue Paul Pastur,M,,
way,75353823,Allée Célestin Freinet,M,,
way,76663835,Rue Edouard Baillon,M,,
way,76981523,Rue Alphonse Planche,M,,
way,78145144,Rue Benoit Fauconnier,M,,
way,79393473,Rue Léon Mercier,M,,
way,79393476,Rue Alexis Lorette,M,,
way,79786467,Rue Arthur Decoux,M,,
way,82769190,Avenue Paul Pastur,M,,
way,83188029,Rue Léopold III,M,,
way,83486739,Rue Célestin Hecq,M,,
way,84973543,Rue Pierre et Marie Curie,M,,
way,85146718,Rue Léopold Tombelle,M,,
way,86413530,Rue Horace Pierard,M,,
way,86413540,Rue Émile Tumelaire,M,,
way,86413541,Rue Fernand Hotyat,M,,
way,86413551,Place Emile Vandervelde,M,,
way,86413554,Rue René Decooman,M,,
way,86413555,Rue Aimé Mignolet,M,,
way,87138905,Rue Francisco Ferrer,M,,
way,87138913,Rue Henri Rousselle,M,,
way,87138916,Rue Auguste Varet,M,,
way,87138932,Rue Jules Destrée,M,,
way,87138937,Rue Jules Destrée,M,,
way,87315385,Rue Albert Delwarte,M,,
way,87315386,Rue Alfred Defuisseaux,M,,
way,87315390,Rue Paul Pastur,M,,
way,87315968,Place Aimé Loriaux,M,,
way,87339244,Rue Joseph Wauters,M,,
way,87339246,Rue Auguste Ligot,M,,
way,87339249,Rue Henry Belyn,M,,
way,87340906,Rue Auguste Piccard,M,,
way,87340911,Avenue Georges Lemaître,M,,
way,87340914,Rue Auguste Piccard,M,,
way,87340915,Rue Antoine de Saint-Exupéry,M,,
way,87341698,Rue Albert Ier,M,,
way,87341701,Rue René Delhaize,M,,
way,87686411,Rue Louis de Brouckère,M,,
way,87686415,Place Albert 1er,M,,
way,88107846,Rue du Renard du Cazier,M,,
way,88107849,Rue Adolphe Max,M,,
way,88107868,Rue Edmond Ramboux,M,,
way,88107897,Rue Yvon Van Wymeersh,M,,
way,88107910,Rue Albert Einstein,M,,
way,88107913,Place Roger Desaise,M,,
way,88119445,Rue Émile Thibaut,M,,
way,88119454,Rue Napoléon Lejong,M,,
way,88119462,Rue Jacques Bufquin des Essarts,M,,
way,88119469,Rue Constant Renchon,M,,
way,88119482,Rue Jacques Bufquin des Essarts,M,,
way,88119484,Rue René Dupriez,M,,
way,88119487,Rue Fernand Derenne,M,,
way,88126685,Rue Paul Pastur,M,,
way,88141582,Rue du Val d'Heure,M,,
way,88141590,Rue du Val d'Heure,M,,
way,88141599,Rue Léon Dubray,M,,
way,88141604,Rue Léon Sacré,M,,
way,88141620,Rue François Bovesse,M,,
way,88141630,Rue François Bovesse,M,,
way,88141633,Rue François Bovesse,M,,
way,88141636,Rue Alphonse Heureux,M,,
way,88141638,Rue Roger Desaise,M,,
way,88141643,Rue François Bovesse,M,,
way,88141647,Rue les Coteaux du Tilleul,M,,
way,88141652,Rue Léon Dubray,M,,
way,88141654,Rue François Bovesse,M,,
way,88222533,Rue Constantin Meunier,M,,
way,88235495,Avenue Louis de Brouckère,M,,
way,88235496,Rue François Hubinon,M,,
way,88235504,Avenue Louis de Brouckère,M,,
way,88235508,Avenue Louis de Brouckère,M,,
way,88235527,Rue André Renaud,M,,
way,88235555,Avenue Louis de Brouckère,M,,
way,88270374,Rue Adam Tulia,M,,
way,88270383,Rue Émile Vandervelde,M,,
way,88434232,Avenue Eugène Mascaux,M,,
way,88434253,Rue Georges Dehont,M,,
way,88434256,Rue Paul Lambert,M,,
way,88434259,Rue Jean Bellière,M,,
way,88488645,Rue Jean Pain,M,,
way,88488648,Rue Jules Despy,M,,
way,88488668,Rue Louis Vilez,M,,
way,88488708,Rue Jean Pain,M,,
way,88493065,Rue Pierre l'Hermite,M,,
way,88493066,Rue Pierre l'Hermite,M,,
way,88523159,Rue Léon Fayt,M,,
way,88523172,Rue Paul Pastur,M,,
way,88523180,Rue Léon Fayt,M,,
way,88523184,Rue Alexandre Bertaux,M,,
way,88523193,Rue du Sergent Jules Rehel,M,,
way,88652890,Rue Jules Destrée,M,,
way,88722494,Rue Adolphe Rennoir,M,,
way,88722540,Place Jean Gonsette,M,,
way,88722548,Rue Joseph Stanard,M,,
way,88722643,Rue Dom Berlière,M,,
way,88722665,Rue Armand Wolff,M,,
way,88722668,Rue Albert Ier,M,,
way,88722677,Rue Arthur Dubois,M,,
way,88722689,Rue Jean Wyns,M,,
way,88722696,Rue Arthur Dubois,M,,
way,88722706,Place Albert 1er,M,,
way,89034276,Rue Hector Gratia,M,,
way,89034278,Rue Hector Gratia,M,,
way,89061714,Rue François Dewiest,M,,
way,89061720,Rue Émile Royer,M,,
way,89061744,Rue Émile Gantois,M,,
way,89062361,Rue Cornelis Debruyn,M,,
way,89062362,Rue Alfred Georges,M,,
way,89396202,Rue Joseph Francq,M,,
way,89404539,Rue Jules Tison,M,,
way,89404544,Rue Oscar Carlier,M,,
way,89404547,Rue Justin Lombard,M,,
way,89404570,Rue Émile Vandervelde,M,,
way,89404594,Rue Martin Fayt,M,,
way,89404600,Rue Oscar Carlier,M,,
way,89404603,Rue Raoul Vanderick,M,,
way,89445123,Place Omer Musch,M,,
way,89445127,Place Omer Musch,M,,
way,89445137,Rue Dieudonné Cambier,M,,
way,89445145,Rue du Père Pire,M,,
way,89445156,Place Albert 1er,M,,
way,89445160,Rue Dieudonné Cambier,M,,
way,89445175,Rue Emile Duhoux,M,,
way,89445176,Rue Hubert Bouvry,M,,
way,89445182,Rue Henri Boussingault,M,,
way,89445196,Rue Joseph Francq,M,,
way,89445202,Rue Dieudonné Cambier,M,,
way,89445205,Rue Léon Langlois,M,,
way,89445208,Rue Henri Boussingault,M,,
way,89520008,Rue César de Paepe,M,,
way,89520052,Rue Jean Jaures,M,,
way,89520087,Rue Fernand Brunfaut,M,,
way,89520156,Rue Paul Pastur,M,,
way,90228638,Rue Joseph Beaufayt,M,,
way,90228647,Rue Emile Genard,M,,
way,90808864,Rue Alexandre Robert,M,,
way,90808882,Rue Léandre Vilain,M,,
way,90808948,Square Raoul Nachez,M,,
way,90808955,Rue Jules Destrée,M,,
way,90908956,Cité Achille Delattre,M,,
way,90908972,Cité Achille Delattre,M,,
way,90908974,Cité Achille Delattre,M,,
way,90909015,Cité Achille Delattre,M,,
way,90940569,Rue Joseph Lemaitre,M,,
way,91156249,Rue Hubert Bayet,M,,
way,91156251,Rue Émile Bronchain,M,,
way,91156252,Rue Oscar Fay,M,,
way,91156272,Rue Joseph Wéry,M,,
way,91156278,Place Franklin Roosevelt,M,,
way,91156282,Rue Nestor Jonet,M,,
way,91156291,Rue Nestor Jonet,M,,
way,91289512,Rue René Deversenne,M,,
way,92163525,Rue Noël Sart-Culpart,M,,
way,92166265,Rue Gustave Derard,M,,
way,92166267,Quartier Joseph Gailly,M,,
way,92166276,Quartier Joseph Gailly,M,,
way,92166281,Quartier Joseph Gailly,M,,
way,92166288,Avenue Emile Zola,M,,
way,92166301,Quartier Joseph Gailly,M,,
way,92166320,Quartier Joseph Gailly,M,,
way,92166330,Quartier Joseph Gailly,M,,
way,92166336,Avenue Alfred Dreyfus,M,,
way,92166362,Avenue Alfred Dreyfus,M,,
way,92166364,Quartier Joseph Gailly,M,,
way,92166369,Rue Hubert Debauche,M,,
way,92216756,Rue Jules Spreutel,M,,
way,92216762,Rue Jules Spreutel,M,,
way,92216763,Rue Jean Jaurès,M,,
way,92216767,Rue Jean Jaurès,M,,
way,92216775,Rue Ernest Gos,M,,
way,92216783,Rue Ernest Gos,M,,
way,92216785,Rue Victor Thomas,M,,
way,92216794,Rue Jules Spreutel,M,,
way,92216801,Rue Edmond Leburton,M,,
way,92216818,Rue Edmond Leburton,M,,
way,92216830,Rue Jules Spreutel,M,,
way,92242607,Rue Arthur Gailly,M,,
way,92242639,Rue Adolphe Max,M,,
way,92242648,Rue Henri Tillemans,M,,
way,92242658,Rue Désiré Rondeau,M,,
way,92242673,Rue Émile Vandervelde,M,,
way,92242674,Rue Max Buset,M,,
way,92242677,Rue Adolphe Chif,M,,
way,92242694,Place Jules Destrée,M,,
way,92242698,Rue Joseph Wauters,M,,
way,92242709,Rue Herbert Hoover,M,,
way,92242736,Rue Désiré Rondeau,M,,
way,92242760,Rue Henri Tillemans,M,,
way,92242783,Cité Louis Dumont,M,,
way,92242816,Rue Adolphe Ponsart,M,,
way,92242817,Cité Fernand Stilmant,M,,
way,92404539,Rue Oscar Bricoult,M,,
way,92404608,Rue Grégoire Chermanne,M,,
way,92404630,Rue du Beau Moulin,M,,
way,92404650,Rue Pierre Jouet,M,,
way,92404653,Rue Gustave Camus,M,,
way,92404661,Rue Joseph Arthur Chaudron,M,,
way,92442450,Rue Jules Carlier,M,,
way,92442518,Place Jean Lagneau,M,,
way,92523861,Rue François Eliaers,M,,
way,93304486,Rue Jean Volders,M,,
way,93304489,Rue Jean Volders,M,,
way,93304492,Rue François Dessaire,M,,
way,93304494,Rue Major Raoul Housiau,M,,
way,93304495,Rue François de Chasteler,M,,
way,93304496,Centre Spartacus Huart,M,,
way,93304500,Rue Albert Lemaitre,M,,
way,93398754,Rue Nicolas Souplit,M,,
way,93398764,Rue Jean Friot,M,,
way,93398772,Rue Abbé Constant Renchon,M,,
way,93404487,Rue Jean Friot,M,,
way,93404490,Rue Jean Friot,M,,
way,93404491,Rue Paul Hulin,M,,
way,93404492,Rue Joseph Vanderick,M,,
way,93404497,Cité André Renard,M,,
way,93404499,Cité André Renard,M,,
way,93404504,Rue Jean de Lanne,M,,
way,93404505,Rue Christian Mendiaux,M,,
way,93404512,Rue Émile Vandervelde,M,,
way,93404516,Rue Jules Boulvin,M,,
way,93404530,Cité André Renard,M,,
way,93404534,Cité André Renard,M,,
way,93480288,Cité Victor Jacmin,M,,
way,93480298,Cité Victor Jacmin,M,,
way,93480301,Cité Victor Jacmin,M,,
way,93808005,Rue Auguste Delvaux,M,,
way,93808007,Place Louis Delhaize,M,,
way,93808008,Place Jean Jaurès,M,,
way,93808013,Rue Jules Coppée,M,,
way,93808014,Place Louis Delhaize,M,,
way,93808017,Rue Louis Lambert,M,,
way,93808026,Place Louis Delhaize,M,,
way,93808027,Place Jean Jaurès,M,,
way,93808048,Rue Auguste Delvaux,M,,
way,93808049,Rue Auguste Delvaux,M,,
way,93808052,Rue Joseph Bertaux,M,,
way,95067825,Rue Lucien Spilette,M,,
way,95067846,Rue Jules Destrée,M,,
way,95413431,Rue Ernest Praile,M,,
way,95525796,Rue Omer Lison,M,,
way,96153762,Rue Alfred Lombard,M,,
way,96153764,Rue Joseph Wauters,M,,
way,96153773,Rue Emile Thilmans,M,,
way,96153782,Rue Albert Daxhelet,M,,
way,96153792,Rue Alfred Musin,M,,
way,96153798,Rue Emile Thilmans,M,,
way,96153802,Rue Philippe Dumont,M,,
way,96153808,Rue Louis De Brouckère,M,,
way,96153810,Rue Louis De Brouckère,M,,
way,96153815,Rue Jules Tison,M,,
way,96153818,Rue Joseph Wauters,M,,
way,96241786,Rue Baudouin 1er,M,,
way,96278356,Rue Marcel Nicolas,M,,
way,96680225,Rue Albert Bodson,M,,
way,96680228,Rue André Genard,M,,
way,96680878,Cité Hector Pouleur,M,,
way,96680879,Cité Hector Pouleur,M,,
way,96789130,Rue Joseph Van Brusselt,M,,
way,99839836,Place Louis Delhaize,M,,
way,99841014,Rue René Delhaize,M,,
way,99841017,Place Louis Delhaize,M,,
way,99841024,Rue Joseph Wauters,M,,
way,99841026,Rue Joseph Wauters,M,,
way,99848186,Rue Paul Pastur,M,,
way,99877074,Rue Fernand Lorent,M,,
way,99881361,Rue Francois Dimanche,M,,
way,99889552,Rue Jean Jaurès,M,,
way,99889562,Rue Joseph Bolle,M,,
way,99889576,Rue Armand Bocquet,M,,
way,99889581,Rue Clément Daix,M,,
way,99889584,Rue Paul Pastur,M,,
way,99889592,Rue Jules Maltaux,M,,
way,102789212,Square Jules Ruhl,M,,
way,102793979,Avenue Marius Meurée,M,,
way,102793988,Avenue Paul Pastur,M,,
way,102822647,Contrescarpe Alphonse Darville,M,,
way,103202399,Boulevard Joseph II,M,,
way,103202420,Boulevard Joseph II,M,,
way,103202428,Boulevard Joseph II,M,,
way,103202439,Boulevard Joseph II,M,,
way,103202443,Rue Jean Jaurès,M,,
way,103254321,Rue Emile Ruiters,M,,
way,103258483,Rue César de Paepe,M,,
way,103258487,Place Raymond Delvaux,M,,
way,103258490,Rue Van Artevelde,M,,
way,103258492,Place Raymond Delvaux,M,,
way,103258518,Rue Joseph Bivort,M,,
way,103310650,Rue Victor Hachez,M,,
way,103310657,Rue Jean Ester,M,,
way,103310669,Rue Émile Strimelle,M,,
way,103310676,Rue Jules Destrée,M,,
way,103310685,Rue Thomas Newcomen,M,,
way,103310691,Rue Jean-Baptiste Ledoux,M,,
way,103310703,Rue Jacques Lion,M,,
way,103310726,Rue Jean Caluwaert,M,,
way,103310728,Rue Daniel Kinet,M,,
way,103310730,Rue Daniel Kinet,M,,
way,103310739,Rue Joseph Mesdagh,M,,
way,103310745,Rue Louis Biernaux,M,,
way,103310767,Rue Joseph Lauwers,M,,
way,103312339,Rue Augustin Bughin,M,,
way,103323089,Place Aimé Loriaux,M,,
way,103323117,Rue Pierre Joseph Dewerpe,M,,
way,103323144,Avenue Jean Caluiwaert,M,,
way,103323149,Place Aimé Loriaux,M,,
way,103324041,Rue Hector Denis,M,,
way,103381567,Rue Arthur Vandermeulen,M,,
way,103381577,Rue Léopold Gendarme,M,,
way,103381581,Rue Jules Jaumet,M,,
way,103381583,Rue Jean Jaurès,M,,
way,103381586,Rue Georges Poinsot,M,,
way,103381588,Rue Alfred Soupart,M,,
way,103381591,Rue François Castemont,M,,
way,103383410,Rue Jean Jaurès,M,,
way,103383417,Rue Victor Hachez,M,,
way,103383431,Rue Emile Fourcault,M,,
way,103435538,Avenue Pontus De Noyelles,M,,
way,103435540,Avenue Pontus De Noyelles,M,,
way,103435541,Avenue Pontus De Noyelles,M,,
way,103435543,Avenue Pontus De Noyelles,M,,
way,103435551,Avenue Pontus De Noyelles,M,,
way,103435555,Avenue Pontus De Noyelles,M,,
way,103436315,Cité Achille Delattre,M,,
way,103437458,Rue du Beau Site,M,,
way,103441404,Esplanade Léon Matagne,M,,
way,103455246,Rue Ali Autome,M,,
way,103455251,Rue Léon Pourbaix,M,,
way,103455262,Rue Omer Bernard,M,,
way,103455269,Rue Roland Delattre,M,,
way,103455276,Rue Alfred Tenret,M,,
way,103455279,Rue Jules Gottignies,M,,
way,103455292,Rue Edmond Jacquin,M,,
way,103455296,Rue Joseph Lefèvre,M,,
way,103455298,Rue Alfred Tenret,M,,
way,103460039,Rue Nicolas Lancelot,M,,
way,103460046,Rue Edmond Focquet,M,,
way,103460055,Rue Robert Fesler,M,,
way,103460495,Rue Albert Camus,M,,
way,103497735,Rue Jean Cremer,M,,
way,103497757,Cité Fernand Godesiabois,M,,
way,103497761,Avenue Victor Corbier,M,,
way,103497764,Rue Pierre Hans,M,,
way,103497768,Rue Émile Constant,M,,
way,103498393,Cité Joseph Henry,M,,
way,103498399,Cité Joseph Henry,M,,
way,104573649,Rue Fernand Jacquet,M,,
way,104573672,Rue Olivier Gilles,M,,
way,104573705,Rue Olivier Gilles,M,,
way,105407279,Avenue Jules Henin,M,,
way,105407280,Avenue Jules Henin,M,,
way,107324859,Boulevard Émile Devreux,M,,
way,107324864,Boulevard Pierre Mayence,M,,
way,107324874,Boulevard Joseph Tirou,M,,
way,107324877,Boulevard Émile Devreux,M,,
way,107324880,Boulevard Joseph Tirou,M,,
way,108097152,Rue Louis Jasme,M,,
way,108098274,Rue Jean Volders,M,,
way,108165657,Rue Georges Lemoine,M,,
way,108165660,Rue Télésphore Lemal,M,,
way,108165663,Rue Georges Lemoine,M,,
way,108165672,Rue Jean Froie,M,,
way,108166342,Rue Norbert Van Hellepute,M,,
way,108176605,Rue Clément Daix,M,,
way,108176606,Rue Clément Daix,M,,
way,108176618,Rue Clément Daix,M,,
way,108177362,Rue Paul Pastur,M,,
way,108178826,Rue Richard Dupierreux,M,,
way,108667290,Rue Maximilien Wattelar,M,,
way,108681138,Rue Joseph Wauters,M,,
way,108681165,Place Louis de Brouckère,M,,
way,109366880,Esplanade René Magritte,M,,
way,109367938,Rue Émile Vandervelde,M,,
way,109367946,Avenue Jean Dupuis,M,,
way,112499341,Avenue Jean Mermoz,M,,
way,112499345,Avenue Jean Mermoz,M,,
way,112499348,Avenue Jean Mermoz,M,,
way,114470363,Cour Van Achter,M,,
way,115634845,Rue Nestor Bal,M,,
way,115668870,Ruelle Yvon Van Wymeersh,M,,
way,115721417,Rue Jean Jaurès,M,,
way,115721418,Rue Émile Nonnon,M,,
way,115721419,Rue Jean Jaurès,M,,
way,115765172,Rue Nestor Bal,M,,
way,115789488,Avenue Ernest Solvay,M,,
way,115789598,Place Maurice Brasseur,M,,
way,115789617,Allée du Beau Chéniat,M,,
way,115789632,Allée du Beau Chéniat,M,,
way,115972034,Rue Jules Ruhl,M,,
way,115972036,Rue Jules Ruhl,M,,
way,115972037,Rue Jules Ruhl,M,,
way,115972418,Rue Léon Blum,M,,
way,116086300,Rue Ernest Solvay,M,,
way,116388132,Cité Hector Pouleur,M,,
way,116388137,Cité Hector Pouleur,M,,
way,116447288,Rue Joseph Roland,M,,
way,116495355,Rue Léon Bernus,M,,
way,116495359,Rue Léon Bernus,M,,
way,116508790,Rue Armand Dancart,M,,
way,116877834,Rue Docteur Léon Neuens,M,,
way,116923603,Rue Auguste Marin,M,,
way,117003686,Rue du Prince Evêque,M,,
way,117044279,Rue Jos Bancu,M,,
way,117044280,Rue Al Croix,M,,
way,117044291,Rue Jos Bancu,M,,
way,117046648,Clos Dessus les Rochers,M,,
way,117046655,Clos Dessus les Rochers,M,,
way,117135776,Boulevard Joseph Tirou,M,,
way,117135778,Boulevard Joseph Tirou,M,,
way,117202739,Boulevard Joseph Tirou,M,,
way,117470220,Rue Alexandre Mauclet,M,,
way,117479148,Rue Paul Pastur,M,,
way,117511872,Rue Francois Dimanche,M,,
way,117518674,Rue Pierre aux Rossignols,M,,
way,117518685,Rue Pierre aux Rossignols,M,,
way,117540741,Rue Arthur Oleffe,M,,
way,117540761,Rue Arthur Oleffe,M,,
way,119033845,Rue Albert Bodson,M,,
way,119033847,Rue Albert Bodson,M,,
way,119033849,Rue Albert Bernard,M,,
way,119206298,Rue Emile Marcq,M,,
way,119385248,Rue Lucien François,M,,
way,119385256,Rue Léopold III,M,,
way,119385260,Rue du Prince de Liège,M,,
way,119511634,Avenue Albert 1er,M,,
way,119511645,Rue Ernest Jacques,M,,
way,119687365,Rue Gaston Leblon,M,,
way,119687936,Impasse Gaston Leblon,M,,
way,119687937,Rue Léon Bockoltz,M,,
way,119687938,Rue Edmond Schmidt,M,,
way,122639811,Rue Émile Maufort,M,,
way,122951864,Rue Auguste Frison,M,,
way,126261316,Rue François Deterville,M,,
way,126420050,Rue Hubert Bastin,M,,
way,127988074,Rue Édouard Givron,M,,
way,129869250,Rue Louis Gilles,M,,
way,130583734,Rue Willy Van Assche,M,,
way,130585607,Rue Emile Depré,M,,
way,132819303,Rue André Paganetti,M,,
way,133051724,Avenue Jean Mermoz,M,,
way,133188295,Rue Emile Gossiaux,M,,
way,136699523,Rue Auguste Portier,M,,
way,136702006,Rue Henri Dunant,M,,
way,136702008,Rue Aurélien Thibaut,M,,
way,136702012,Rue Paul Deschamps,M,,
way,136702017,Rue Fernand Dineur,M,,
way,136707306,Square Émile Buisset,M,,
way,136707313,Rue Jean Jaurès,M,,
way,136707314,Rue Jean Jaurès,M,,
way,136707316,Rue Victor Bourgeois,M,,
way,136714147,Place Maurice Brasseur,M,,
way,136720345,Rue André Vésale,M,,
way,136720357,Rue Louis Empain,M,,
way,136727313,Rue Émile Servais,M,,
way,136727323,Rue du Prince Évèque,M,,
way,138232418,Ruelle Alexandre Delval,M,,
way,139071649,Rue Paul Pastur,M,,
way,139071650,Rue Paul Pastur,M,,
way,139075036,Rue Georges Lemoine,M,,
way,139075038,Rue Georges Lemoine,M,,
way,139079227,Rue Arthur Barbier,M,,
way,139079228,Rue Arthur Barbier,M,,
way,139083519,Rue André Halloin,M,,
way,139083520,Rue Arthur Oleffe,M,,
way,139854726,Rue Edouard Baillon,M,,
way,139854730,Sentier Paul Pastur,M,,
way,139854732,Rue Paul Pastur,M,,
way,139860621,Rue Nicolas Anciaux,M,,
way,139860638,Rue Bernard Lebon,M,,
way,139869224,Avenue Victor Larock,M,,
way,139869257,Rue Léon Crappe,M,,
way,140123110,Rue Denis Henriet,M,,
way,141221984,Avenue Paul Pastur,M,,
way,141221986,Quai Arthur Rimbaud,M,,
way,142574652,Avenue Pontus De Noyelles,M,,
way,143257617,Rue Germain Fosses,M,,
way,143257618,Rue Germain Fosses,M,,
way,144787797,Rue Albert 1er,M,,
way,147440039,Rue André Renaud,M,,
way,150038652,Place François Goffe,M,,
way,151217062,Place Basile Parent,M,,
way,151335485,Rue Jean Poty,M,,
way,155610566,Boulevard Joseph Tirou,M,,
way,158533089,Avenue Jules Destrée,M,,
way,159239601,Rue Emmanuel Jacquet,M,,
way,160052685,Rue Constant Renchon,M,,
way,160065358,Rue Fernand Dineur,M,,
way,160522521,Rue Louis Empain,M,,
way,160528475,Rue Alfred Nobel,M,,
way,160532390,Rue Maximilien Luce,M,,
way,160534099,Rue Henri Lafontaine,M,,
way,160535490,Place Basile Parent,M,,
way,160539337,Place Julien Papart,M,,
way,160913743,Rue Julien Schmidt,M,,
way,160913789,Rue Arthur Decoux,M,,
way,160914256,Rue Joseph Bivort,M,,
way,160914344,Place Raoul Nachez,M,,
way,160914345,Rue Abbé Jean Payen,M,,
way,164672123,Rue Emile Vandervelde,M,,
way,164763620,Rue Arthur Pater,M,,
way,164767017,Rue Léopold Fagnart,M,,
way,165388413,Quai Paul Verlaine,M,,
way,171628608,Rue Léopold II,M,,
way,171882121,Rue Terry Mouchon,M,,
way,171911873,Rue Célestin Freinet,M,,
way,171912752,Rue Paul Glineur,M,,
way,171912818,Rue Paul Glineur,M,,
way,171917195,Rue Germain Fosses,M,,
way,171999713,Rue Cornelis Debruyn,M,,
way,171999714,Rue Cornelis Debruyn,M,,
way,172255388,Rue Alfred Mengeot,M,,
way,172255391,Rue Fernand Heuveneers,M,,
way,172255399,Rue Armand Dancart,M,,
way,172255400,Rue Joseph Caramin,M,,
way,172255402,Rue Napoleon Anrys,M,,
way,172289508,Rue Célestin Freinet,M,,
way,172848898,Rue Louis de Brouckère,M,,
way,172898620,Rue Robert Fesler,M,,
way,173907067,Rue Charles Dupret,M,,
way,174590443,Rue Raymond Brigode,M,,
way,174590449,Rue Raymond Brigode,M,,
way,180769675,Avenue Caporal Alain Debatty,M,,
way,181399029,Rue Jacques Henriet,M,,
way,181399048,Rue Achille Delattre,M,,
way,181399049,Rue Joseph Wauters,M,,
way,181399061,Rue Sylvain Pirmez,M,,
way,182831762,Rue Major Housiau,M,,
way,182888384,Rue Jean Jaurès,M,,
way,183134442,Rue François Bovesse,M,,
way,183183971,Rue Jean Jaurès,M,,
way,183261573,Place du Nord Michel Levie,M,,
way,183311567,Rue Emile Vandervelde,M,,
way,183317034,Place Albert 1er,M,,
way,183753407,Rue Désiré Quenne,M,,
way,183768988,Rue Auguste Palm,M,,
way,183768992,Rue Paul Finet,M,,
way,183768993,Place Emile Moureau,M,,
way,183768994,Rue Joseph Bargibant,M,,
way,184095223,Avenue Louis de Brouckère,M,,
way,184133610,Avenue Paul Pastur,M,,
way,184133619,Rue Robert Delahaye,M,,
way,184133622,Rue Robert Delahaye,M,,
way,184133634,Rue Auguste Nolard,M,,
way,184133638,Rue Alfred Nassaux,M,,
way,184133639,Rue Robert Delahaye,M,,
way,184133641,Rue Eugène Gibon,M,,
way,184232446,Rue Francisco Ferrer,M,,
way,184686252,Rue Léopold Wautiez,M,,
way,186496017,Rue Albert Ier,M,,
way,191057746,Boulevard Salvador Allende,M,,
way,191134899,Rue Célestin Hecq,M,,
way,192322706,Rue Hubert Bastin,M,,
way,193860105,Rue Léon Fayt,M,,
way,194758941,Cité Fernand Godesiabois,M,,
way,194758942,Rue des Bas Trieux,M,,
way,194758947,Avenue Victor Corbier,M,,
way,194758950,Avenue Victor Corbier,M,,
way,194758951,Cité Emile Demoulin,M,,
way,195026684,Place Joseph Wauters,M,,
way,195026686,Rue Georges Smith,M,,
way,195267987,Rue Georges Tourneur,M,,
way,195267988,Rue Ali Autome,M,,
way,195267989,Rue Georges Tourneur,M,,
way,195267992,Rue Henri Dunant,M,,
way,195267998,Rue Arthur Goffaux,M,,
way,195268001,Rue Max Lambert,M,,
way,195268005,Rue Henri Dunant,M,,
way,195268021,Place Joseph Wauters,M,,
way,195268024,Rue Emile Brunet,M,,
way,195271398,Rue Arthur Brédat,M,,
way,195271413,Place Joseph Wauters,M,,
way,195535112,Place Jules Francq,M,,
way,195535119,Place Jules Francq,M,,
way,195542310,Rue Maximilien Wattelar,M,,
way,195542315,Rue Paul Janson,M,,
way,197079284,Rue Léopold Vasse,M,,
way,197079288,Place Joseph Hanrez,M,,
way,197079289,Place Joseph Hanrez,M,,
way,197079312,Rue Arthur Delire,M,,
way,199747575,Rue Victor Baux,M,,
way,201370113,Place Émile Bertaux,M,,
way,201371624,Rue Sylvain Pirmez,M,,
way,201492313,Boulevard Frans Dewandre,M,,
way,201508561,Rue Jean Jaurès,M,,
way,201510734,Rue Emile Fourcault,M,,
way,201510997,Rue Cornelis Debruyn,M,,
way,201512338,Rue Émile Vandervelde,M,,
way,201512340,Rue Émile Vandervelde,M,,
way,202136616,Place Ernest Jennar,M,,
way,202158200,Rue Georges Clémenceau,M,,
way,202158205,Rue Léon Willocq,M,,
way,202492876,Rue François Castemont,M,,
way,202492877,Rue Pierre Bauwens,M,,
way,202545224,Rue Alphonse Planche,M,,
way,202737977,Rue Jean-Baptiste Loriaux,M,,
way,202737980,Rue Jean-Baptiste Loriaux,M,,
way,202739595,Rue Albert 1er,M,,
way,202739598,Rue Jean-Baptiste Loriaux,M,,
way,202799488,Rue Jean-Baptiste Loriaux,M,,
way,202799497,Rue Eugène Gilles,M,,
way,203359829,Rue Victor Ernest,M,,
way,203360227,Place Albert Premier,M,,
way,203360401,Rue Auguste Fontenelle,M,,
way,203363879,Rue Paul Pastur,M,,
way,203450673,Rue Hubert Bastin,M,,
way,203450961,Rue Auguste Delvaux,M,,
way,203454693,Rue Jules Coppée,M,,
way,203454699,Rue Jules Coppée,M,,
way,203456008,Rue Pierre Joseph Dewerpe,M,,
way,203456012,Résidence Gaston Hercot,M,,
way,203456013,Résidence Gaston Hercot,M,,
way,203465614,Rue Pierre Hans,M,,
way,203574233,Rue Jules Loriaux,M,,
way,203574499,Rue Joseph Delmotte,M,,
way,203574500,Rue Jules Badot,M,,
way,204395566,Rue Jean Lipsin,M,,
way,204406905,Rue Adolphe François,M,,
way,204407737,Rue François Deulin,M,,
way,206656090,Boulevard Émile Devreux,M,,
way,206666062,Place Joseph Wauters,M,,
way,206674222,Rue Edmond Foulon,M,,
way,207168178,Rue Jules Coppée,M,,
way,207168180,Place Jean Jaurès,M,,
way,207168182,Rue Joseph Bertaux,M,,
way,207168183,Rue Jules Coppée,M,,
way,207183520,Rue Henry Dunant,M,,
way,207183522,Rue Émile Turlot,M,,
way,207183524,Rue Aldo Moro,M,,
way,207183529,Rue Julien Lahaut,M,,
way,207183530,Rue Émile Duployé,M,,
way,207183732,Rue François Dessaire,M,,
way,207432145,Place Franklin Roosevelt,M,,
way,207555702,Rue Émile Vandervelde,M,,
way,207736378,Rue Jean Herbet,M,,
way,208399474,Rue Charles Beaufaux,M,,
way,208909045,Rue Constant Renchon,M,,
way,210899952,Place Aimé Loriaux,M,,
way,210900762,Place Émile Bertaux,M,,
way,210900763,Place Émile Bertaux,M,,
way,210900888,Place Jean Gonsette Impasse 2,M,,
way,210900977,Place Albert 1er,M,,
way,211140125,Rue Terry Mouchon,M,,
way,211140127,Rue Terry Mouchon,M,,
way,211140128,Rue Terry Mouchon,M,,
way,211263839,Rue Fernand Stilmant,M,,
way,211265642,Rue Florian Wauthelet,M,,
way,211465471,Rue Joseph Arthur Chaudron,M,,
way,214664330,Cité Van Laere,M,,
way,215606667,Rue Gaston Durvaux,M,,
way,215607319,Rue Jean Froie,M,,
way,215607320,Rue Jean Froie,M,,
way,216481380,Rue Horace Pierard,M,,
way,216481705,Rue Horace Pierard,M,,
way,217138085,Rue Léopold Wautiez,M,,
way,217138420,Rue Grégoire Soupart,M,,
way,217165186,Rue Henri Matelart,M,,
way,217386712,Rue Alexandre Ansaldi,M,,
way,217386713,Rue Alexandre Ansaldi,M,,
way,217765300,Rue Joseph Wauters,M,,
way,220006849,Rue Thomas Bonehill,M,,
way,221336097,Rue Adolphe Desy,M,,
way,221408447,Rue Alfred Thiébaut,M,,
way,221408450,Rue Alfred Thiébaut,M,,
way,221408460,Rue Gaston Leblon,M,,
way,221408461,Rue Léon Bockoltz,M,,
way,221409774,Rue Fernand Heuveneers,M,,
way,221409777,Rue Fernand Heuveneers,M,,
way,221409781,Rue Alfred Mengeot,M,,
way,221409782,Rue Fernand Bernard,M,,
way,221803083,Rue Narcisse Evrard,M,,
way,222600267,Place Edmond Gilles,M,,
way,222600980,Rue Paul Pastur,M,,
way,223072925,Rue Francisco Ferrer,M,,
way,223072926,Rue Georges Delersy,M,,
way,223072927,Rue Omer Lison,M,,
way,223072938,Rue du Beau Séjour,M,,
way,223275603,Rue Émile Constant,M,,
way,223280132,Rue Adolphe Desy,M,,
way,223280133,Rue André Lafaille,M,,
way,224350099,Rue Henri Tillemans,M,,
way,226045861,Rue Louis Hannick,M,,
way,227317679,Rue Lloyd George,M,,
way,229973005,Rue Joseph Lhoir,M,,
way,229995366,Rue Louis Paulus,M,,
way,230084882,Rue Léon Baras,M,,
way,230088166,Rue Arthur Barbier,M,,
way,230809346,Rue Adolphe Rectem,M,,
way,230811594,Place Albert 1er,M,,
way,230945377,Avenue Jean Bodart,M,,
way,231414161,Avenue Jean Bodart,M,,
way,231414162,Avenue Jean Bodart,M,,
way,231414164,Avenue Jean Bodart,M,,
way,231414165,Avenue Jean Bodart,M,,
way,232813866,Rue Adolphe Debienne,M,,
way,232819470,Rue Eugène Gilles,M,,
way,233415491,Rue Alphonse Helsen,M,,
way,233415820,Rue Ernest Solvay,M,,
way,233416123,Rue Gaston Wautot,M,,
way,233416532,Rue Léon Rucquoy,M,,
way,233419110,Rue Léon Mercier,M,,
way,233419111,Rue Léon Rucquoy,M,,
way,233422195,Rue Louis Hubeau et Raoul Nonweiler,M,,
way,233422221,Rue Alphonse Helsen,M,,
way,233427042,Rue Léon Rucquoy,M,,
way,233427443,Rue Auguste Sottiaux,M,,
way,233432344,Rue Auguste Sottiaux,M,,
way,234439530,Rue Joseph Scohy,M,,
way,234440099,Rue Georges Maroye,M,,
way,234444370,Rue Julien Laurent,M,,
way,234587820,Venelle Louis Charlier,M,,
way,234594139,Rue Jean Lorette,M,,
way,234797429,Place Louis Delhaize,M,,
way,234807054,Rue René Deversenne,M,,
way,234979844,Fosse Al Dièle,M,,
way,235000977,Place Jules Destrée,M,,
way,235016860,Place Jules Destrée,M,,
way,235139316,Rue Alfred Thiébaut,M,,
way,237548656,Rue Jean Poty,M,,
way,239538475,Rue Jean Lipsin,M,,
way,239582246,Rue Nestor Jonet,M,,
way,240239331,Rue Hubert Bayet,M,,
way,241942664,Rue René Deversenne,M,,
way,242833698,Rue du Roi Chevalier,M,,
way,242975976,Rue Arthur Oleffe,M,,
way,242976845,Rue Arthur Oleffe,M,,
way,243561254,Rue Augustin Berger,M,,
way,243561262,Rue Augustin Berger,M,,
way,243827297,Ruelle Sans Souci,M,,
way,244421707,Rue Emile Vandervelde,M,,
way,245191242,Avenue Albert 1er,M,,
way,245500756,Rue du Prince Evêque,M,,
way,247301322,Rue Dom Berlière,M,,
way,248327934,Rue du Beau Site,M,,
way,248348999,Rue Édouard Anseele,M,,
way,248351377,Place Léonce Mayence,M,,
way,248694169,Place Joseph Wauters,M,,
way,248696135,Avenue Pontus De Noyelles,M,,
way,248697330,Rue Léopold Jacqmain,M,,
way,248698977,Espace Raymond Payen,M,,
way,248700363,Rue Joseph Wauters,M,,
way,248701379,Rue Émile Strimelle,M,,
way,249454498,Rue Sans Nom,M,,
way,249455055,Rue du Trî Al Pîre,M,,
way,249456103,Avenue Louis Peetermans,M,,
way,249617082,Rue Léon Willocq,M,,
way,250003145,Rue Arthur Vandermeulen,M,,
way,250005840,Rue Léon Dubois,M,,
way,250203446,Rue Jules Houssière,M,,
way,251216913,Rue Joseph Bertaux,M,,
way,251217182,Place Jean Jaurès,M,,
way,251527582,Place Jean Jaurès,M,,
way,252116210,Rue Jules Destrée,M,,
way,252188558,Rue Jean Froie,M,,
way,252188576,Rue Jean Froie,M,,
way,252191870,Rue Jules Loriaux,M,,
way,254630146,Rue Léopold II,M,,
way,255244951,Rue Yvon Malevez,M,,
way,255245191,Rue Yvon Malevez,M,,
way,255813927,Boulevard Joseph Tirou,M,,
way,255816095,Place François Rucloux,M,,
way,255948989,Rue Auguste Cador,M,,
way,256473584,Rue Gustave Nalinne,M,,
way,256476548,Contrescarpe Alphonse Darville,M,,
way,256605917,Pont Roi Baudouin,M,,
way,258661401,Rue Clément Lyon,M,,
way,258663816,Rue Willy Ernst,M,,
way,258665513,Rue Jean Jaurès,M,,
way,259057740,Rue Maximilien Luce,M,,
way,259057743,Rue Maximilien Luce,M,,
way,259057776,Rue Émile Vandervelde,M,,
way,259181084,Rue Georges Tourneur,M,,
way,259254430,Rue Victor Vandekerkhove,M,,
way,259261691,Rue Célestin Hecq,M,,
way,259967249,Boulevard Joseph Tirou,M,,
way,259971788,Rue Émile Tumelaire,M,,
way,260156457,Quai Arthur Rimbaud,M,,
way,260317087,Place Louis de Brouckère,M,,
way,260320424,Place Louis de Brouckère,M,,
way,260320427,Place Louis de Brouckère,M,,
way,260320429,Place Louis de Brouckère,M,,
way,262450248,Place Emile Vandervelde,M,,
way,262637127,Rue Louis De Brouckère,M,,
way,263264922,Place Albert 1er,M,,
way,263534159,Place Albert 1er,M,,
way,264346923,Rue Paul Lambert,M,,
way,264628518,Place Victor Kimmes,M,,
way,264628801,Rue Emile Leclercq,M,,
way,264631173,Rue Victor Vandekerkhove,M,,
way,264631174,Rue Victor Vandekerkhove,M,,
way,264951180,Rue Thomas Bonehill,M,,
way,264951216,Rue Thomas Bonehill,M,,
way,264951895,Rue Carlo Bastin,M,,
way,265006377,Place Omer Musch,M,,
way,265624564,Rue Augustin Berger,M,,
way,265832370,Rue Émile Vandervelde,M,,
way,265848069,Rue Jean Jaurès,M,,
way,266911035,Rue Edmond Foulon,M,,
way,267274834,Rue Jean Hublou,M,,
way,267274835,Rue Jean Hublou,M,,
way,270684247,Rue Jean Jaurès,M,,
way,270693345,Square Georges Dehont,M,,
way,271194445,Rue François Duray,M,,
way,273845302,Rue Robert Schuman,M,,
way,273845306,Rue Jean Monnet,M,,
way,273845307,Rue Robert Schuman,M,,
way,273845309,Rue Robert Schuman,M,,
way,273845316,Rue Robert Schuman,M,,
way,273845317,Rue Robert Schuman,M,,
way,274740028,Allée Célestin Freinet,M,,
way,276819754,Rue Richard Dupierreux,M,,
way,277094539,Place Joseph Wauters,M,,
way,288509411,Rue Dom Berlière,M,,
way,292490462,Avenue Maurice Autequitte,M,,
way,292544292,Avenue Maurice Autequitte,M,,
way,292544296,Avenue Maurice Autequitte,M,,
way,292544346,Rue Hubert Bastin,M,,
way,294158268,Rue Arthur Pater,M,,
way,294432390,Rue Grégoire Soupart,M,,
way,295933223,Rue Albert 1er,M,,
way,296096682,Rue Emile Vandervelde,M,,
way,297287016,Avenue Eugène Mascaux,M,,
way,297287017,Avenue Eugène Mascaux,M,,
way,297287019,Avenue Eugène Mascaux,M,,
way,297287022,Boulevard Pierre Mayence,M,,
way,297287025,Boulevard Joseph Tirou,M,,
way,297287026,Boulevard Joseph Tirou,M,,
way,297287027,Place Albert 1er,M,,
way,297287035,Rue Francois Reconnu,M,,
way,297287037,Rue François Hubinon,M,,
way,297287057,Rue Émile Tumelaire,M,,
way,297287058,Rue Émile Tumelaire,M,,
way,297298591,Boulevard Paul Janson,M,,
way,297298592,Boulevard Paul Janson,M,,
way,297298608,Rue Jean Monnet,M,,
way,297298614,Square Jules Hiernaux,M,,
way,297298615,Square Jules Hiernaux,M,,
way,297298616,Square Jules Hiernaux,M,,
way,297298617,Square Jules Hiernaux,M,,
way,297298618,Square Jules Hiernaux,M,,
way,297668081,Place Léonce Mayence,M,,
way,297668082,Rue Jean-Baptiste Ledoux,M,,
way,297668083,Rue Louis Biernaux,M,,
way,297668084,Rue Louis Biernaux,M,,
way,297668086,Rue Victor Ernest,M,,
way,297671148,Avenue Eugène Mascaux,M,,
way,297671633,Rue Cornelis Debruyn,M,,
way,297671636,Rue Jean Ester,M,,
way,297671637,Rue Jean Ester,M,,
way,297671638,Rue Jean Jaurès,M,,
way,297671639,Rue Joseph Mesdagh,M,,
way,297671640,Rue Joseph Wauters,M,,
way,297671642,Rue Jules Destrée,M,,
way,297671643,Rue Léon Dubois,M,,
way,297671651,Rue Émile Vandervelde,M,,
way,297671657,Rue Émile Vandervelde,M,,
way,297688739,Boulevard Jacques Bertrand,M,,
way,297688740,Boulevard Jacques Bertrand,M,,
way,297688741,Boulevard Joseph Tirou,M,,
way,297688742,Boulevard Joseph Tirou,M,,
way,297688763,Rue Ville n°2,M,,
way,297691013,Rue François Léon Bruyerre,M,,
way,297691015,Rue Jules Jaumet,M,,
way,299658329,Rue Ville n°2,M,,
way,299658330,Rue Ville n°2,M,,
way,299660847,Rue Ville n°2,M,,
way,306022151,Avenue Ernest Solvay,M,,
way,310089304,Place Émile Buisset,M,,
way,312748955,Sentier Raymond Neffe,M,,
way,314697718,Rue Jules Despy,M,,
way,314699212,Rue Horace Pierard,M,,
way,315240465,Rue Arthur Oleffe,M,,
way,320552795,Quai Arthur Rimbaud,M,,
way,320556704,Place Émile Buisset,M,,
way,333326686,Rue Jean-Baptiste Faux,M,,
way,336925617,Rue Olof Palme,M,,
way,353688052,Quai Paul Verlaine,M,,
way,359194835,Rue Olof Palme,M,,
way,359194836,Quai Paul Verlaine,M,,
way,359397828,Rue Emmanuel Dumont de Chassart,M,,
way,359397987,Rue Paul Vassart,M,,
way,359400093,Avenue Henri Pétrez,M,,
way,359638045,Rue Franklin Roosevelt,M,,
way,360565361,Rue Télésphore Lemal,M,,
way,361488155,Rue Jules Destrée,M,,
way,364915286,rue Louis Scohy,M,,
way,365583667,Rue Jules Carlier,M,,
way,365585211,Rue Émile Vandervelde,M,,
way,365831167,Rue Arthur Delire,M,,
way,366374454,Rue Henry Dunant,M,,
way,366862159,Rue Raoul Vanderick,M,,
way,367321515,Place Charles Brogniez,M,,
way,367321516,Rue Oscar Buchet,M,,
way,367491419,Rue Émile Bronchain,M,,
way,367694945,Rue Jules Despy,M,,
way,367699919,Rue Joseph Parée,M,,
way,367700283,Rue Louis Delattre,M,,
way,367700844,Boulevard Salvador Allende,M,,
way,368040969,Rue Dieudonné Cambier,M,,
way,368042592,Rue Dieudonné Cambier,M,,
way,368044325,Rue Gustave Wansart,M,,
way,368044423,Rue Gustave Wansart,M,,
way,368365829,Rue Jules Destrée,M,,
way,368507817,Rue Paul Pastur,M,,
way,368508939,Rue Jean Jaures,M,,
way,370627080,Place Albert 1er,M,,
way,372441198,Ruelle Alexandre Delval,M,,
way,372600694,Rue Alphonse Helsen,M,,
way,372600695,Rue Edouard Lacroix,M,,
way,372600696,Rue Edouard Lacroix,M,,
way,376733407,Rue Pierre Paulus,M,,
way,386508865,Place Albert Ier,M,,
way,386508866,Place Albert Ier,M,,
way,397943008,Rue Winston Churchill,M,,
way,403370112,Rue Hector Gratia,M,,
way,403375389,Rue Hector Gratia,M,,
way,403375405,Rue Louis Gilles,M,,
way,404745170,Rue Francisco Ferrer,M,,
way,404745171,Rue Odon Godart,M,,
way,427566420,Rue Hector Gratia,M,,
way,427567920,Rue Hector Gratia,M,,
way,427567921,Rue Hector Gratia,M,,
way,427567922,Rue Hector Gratia,M,,
way,427567924,Rue Hector Gratia,M,,
way,427567925,Rue Hector Gratia,M,,
way,428231175,Rue Olof Palme,M,,
way,428244254,Rue Olof Palme,M,,
way,428247083,Rue Olof Palme,M,,
way,430635266,Boulevard Joseph Tirou,M,,
way,430635268,Boulevard Joseph Tirou,M,,
way,430635511,Boulevard Joseph Tirou,M,,
way,435839916,Boulevard Joseph Tirou,M,,
way,435839917,Boulevard Joseph Tirou,M,,
way,435840158,Boulevard Joseph Tirou,M,,
way,437065130,Rue du Beau Moulin,M,,
way,439495950,Rue Jules Jaumet,M,,
way,439495952,Rue Jules Jaumet,M,,
way,439495960,Rue Paul Barré,M,,
way,439495961,Rue Arthur Decoux,M,,
way,439922443,Place Albert 1er,M,,
way,440053197,Rue Adolphe Max,M,,
way,440389632,Rue Désiré Desellier,M,,
way,440844798,Rue Adolphe Max,M,,
way,440846982,Rue Henri Tillemans,M,,
way,440849414,Square Julien Dombret,M,,
way,440999093,Place Jules Destrée,M,,
way,440999094,Place Jules Destrée,M,,
way,441002712,Rue Émile Vandervelde,M,,
way,441768711,Square Julien Dombret,M,,
way,443435178,Avenue Jules Destrée,M,,
way,452876289,Rue Carlo Hénin,M,,
way,453043628,Rue Armand Bocquet,M,,
way,454903038,Avenue Jules Destrée,M,,
way,454903040,Avenue Jules Destrée,M,,
way,454903042,Avenue Jules Destrée,M,,
way,454903045,Avenue Jules Destrée,M,,
way,454903046,Avenue Jules Destrée,M,,
way,457859851,Rue Emmanuel Dumont de Chassart,M,,
way,457859852,Rue Emmanuel Dumont de Chassart,M,,
way,472986127,Rue Adolphe Max,M,,
way,472986128,Rue Adolphe Max,M,,
way,473533002,Rue Paul Pastur,M,,
way,473533003,Rue Paul Pastur,M,,
way,474357349,Boulevard Émile Devreux,M,,
way,474357350,Boulevard Émile Devreux,M,,
way,474446788,Rue Émile Tumelaire,M,,
way,474450781,Quai Paul Verlaine,M,,
way,482219434,Sentier Paul Pastur,M,,
way,482219440,Rue Edouard Baillon,M,,
way,484316843,Rue Major Raoul Housiau,M,,
way,484398038,Avenue Victor Corbier,M,,
way,500610397,Avenue Caporal Alain Debatty,M,,
way,503335594,Quai Arthur Rimbaud,M,,
way,503335596,Rue Alexandre Ansaldi,M,,
way,504752038,Rue Léon Gilles,M,,
way,512276919,Rue Omer Lison,M,,
way,529699084,Quai Paul Verlaine,M,,
way,529725317,Place Jules Destrée,M,,
way,529725346,Rue Jean Jaurès,M,,
way,542234323,Boulevard Émile Devreux,M,,
way,542234324,Boulevard Émile Devreux,M,,
way,547043950,Rue Émile Tumelaire,M,,
way,551859205,Rue François Baudaux,M,,
way,557443970,Avenue Alfred Dreyfus,M,,
way,563911478,Cité Van Laere,M,,
way,570512784,Rue Francisco Ferrer,M,,
way,575539468,Boulevard Paul Janson,M,,
way,583885200,Sentier de Beurre sans Croûte,M,,
way,589297269,Rue Robert Schuman,M,,
way,597800791,Boulevard Frans Dewandre,M,,
way,607452372,Rue Joseph Wauters,M,,
way,607452373,Rue Joseph Wauters,M,,
way,607452374,Rue Joseph Wauters,M,,
way,608639587,Rue Nestor Marin,M,,
way,608693091,Rue Hector Gratia,M,,
way,609488244,Rue Oscar Carlier,M,,
way,611479335,Rue Armand Dancart,M,,
way,611988051,Rue Grégoire Soupart,M,,
way,612510151,Cité Fernand Stilmant,M,,
way,613453507,Rue Joseph Wauters,M,,
way,613753824,Rue Joseph Daye,M,,
way,614410289,Avenue Jean Mermoz,M,,
way,614410299,Avenue Jean Mermoz,M,,
way,615144249,Rue Alphonse Planche,M,,
way,617210507,Rue George Sand,M,,
way,617397275,Clos Albert Perikel,M,,
way,617397276,Clos Albert Perikel,M,,
way,620549331,Rue Jean Jaurès,M,,
way,620868528,Rue Jules Tison,M,,
way,632472878,Rue Alfred Georges,M,,
way,643753738,Rue Émile Vandervelde,M,,
way,645698488,Rue Julien Durant,M,,
way,645701982,Rue Florian Montagne,M,,
way,645703602,Place Albert 1er,M,,
way,667744620,Rue Hector Gratia,M,,
way,667744621,Rue Hector Gratia,M,,
way,667744622,Rue Hector Gratia,M,,
way,667744623,Rue Hector Gratia,M,,
way,667744624,Rue Hector Gratia,M,,
way,667744626,Rue Hector Gratia,M,,
way,667744627,Rue Hector Gratia,M,,
way,667744628,Rue Hector Gratia,M,,
way,667744629,Rue Hector Gratia,M,,
way,678259066,Rue Emile Vandervelde,M,,
way,693974582,Rue Arthur Decoux,M,,
way,694149235,Quai Paul Verlaine,M,,
way,701178605,Rue Léo Darton,M,,
way,705939714,Rue Ernest Solvay,M,,
way,705939715,Rue Ernest Solvay,M,,
way,716745513,Rue Léon Rucquoy,M,,
way,751650157,Rue Henri Rousselle,M,,
way,751650158,Rue Henri Rousselle,M,,
way,763918101,Rue Etienne Dourlet,M,,
way,798114955,Rue Richard Dupierreux,M,,
way,798114957,Rue André Vésale,M,,
way,798114963,Rue Alfred Georges,M,,
way,798143238,Rue Émile Vandervelde,M,,
way,798143239,Rue Charles Degrange,M,,
way,807754260,Avenue Paul Pastur,M,,
way,807971614,Rue Alfred Thiébaut,M,,
way,826625289,Rue Lucien François,M,,
way,826625290,Rue Lucien François,M,,
way,826625291,Rue Lucien François,M,,
way,826625292,Rue Lucien François,M,,
way,826625295,Rue Joseph Caramin,M,,
way,826625296,Rue Joseph Caramin,M,,
way,826625299,Rue Fernand Heuveneers,M,,
way,826625312,Rue Jules Coppée,M,,
way,829804746,Cité Victor Jacmin,M,,
way,838059611,Place Albert 1er,M,,
way,839047922,Rue Modeste Cornil,M,,
way,839049484,Place Albert 1er,M,,
way,839068063,Rue François Léon Bruyerre,M,,
way,839333276,Rue Paul Pastur,M,,
way,839335977,Avenue Franklin Roosevelt,M,,
way,839563390,Rue Henry Belyn,M,,
way,844424515,Rue Emile Vandervelde,M,,
way,844424516,Rue des Bas Trieux,M,,
way,844864599,Rue Philippe Monnoyer,M,,
way,844868443,Rue Paul Janson,M,,
way,844868444,Rue Jules Tison,M,,
way,844868445,Rue Paul Hulin,M,,
way,844868447,Rue Baudouin 1er,M,,
way,845199028,Avenue Paul Pastur,M,,
way,845200821,Avenue Paul Pastur,M,,
way,845200822,Avenue Paul Pastur,M,,
way,845207366,Avenue Paul Pastur,M,,
way,845429620,Place Jules Destrée,M,,
way,845429621,Place Jules Destrée,M,,
way,845429623,Place Jules Destrée,M,,
way,845475099,Boulevard Jacques Bertrand,M,,
way,845475101,Boulevard Jacques Bertrand,M,,
way,845524756,Avenue Paul Pastur,M,,
way,845532018,Rue Jules Destrée,M,,
way,845533079,Rue Jules Destrée,M,,
way,845533084,Rue Henry Chapel,M,,
way,845533088,Rue Jules Destrée,M,,
way,845533091,Rue Jules Destrée,M,,
way,845533501,Avenue Paul Pastur,M,,
way,845544715,Avenue Paul Pastur,M,,
way,845556257,Rue Olof Palme,M,,
way,845569197,Boulevard Paul Janson,M,,
way,845569203,Boulevard Paul Janson,M,,
way,845569747,Boulevard Paul Janson,M,,
way,845569748,Boulevard Paul Janson,M,,
way,845637866,Avenue Edmond Leburton,M,,
way,845637867,Avenue Edmond Leburton,M,,
way,845798125,Boulevard Paul Janson,M,,
way,845798126,Boulevard Paul Janson,M,,
way,845798127,Boulevard Paul Janson,M,,
way,845798128,Boulevard Paul Janson,M,,
way,845798129,Boulevard Paul Janson,M,,
way,845800508,Boulevard Paul Janson,M,,
way,845845016,Rue Adolphe Rectem,M,,
way,845848039,Rue Joseph Lhoir,M,,
way,846716075,Avenue Paul Pastur,M,,
way,846716076,Avenue Paul Pastur,M,,
way,847801398,Rue des Bas Trieux,M,,
way,847801399,Rue Émile Vandervelde,M,,
way,848178440,Rue Olof Palme,M,,
way,848185940,Rue Olof Palme,M,,
way,848557158,Avenue Eugène Mascaux,M,,
way,848995725,Avenue Eugène Mascaux,M,,
way,849025289,Avenue Marius Meurée,M,,
way,849026749,Rue Charles Ernest,M,,
way,849031430,Avenue Marius Meurée,M,,
way,849566922,Avenue Marius Meurée,M,,
way,849573208,Pont Olof Palme,M,,
way,849584803,Cité Hector Pouleur,M,,
way,854575941,Rue Emile Vandervelde,M,,
way,854593034,Rue Georges Clémenceau,M,,
way,859089169,Boulevard Joseph Tirou,M,,
way,877959441,Place Albert 1er,M,,
way,892649974,Rue André Genard,M,,
way,892649976,Rue Fernand Heuveneers,M,,
way,892657928,Rue Gaston Leblon,M,,
way,893962890,Rue Franz Durieux,M,,
way,893962905,Rue Albert Ier,M,,
way,896475847,Avenue Victor Corbier,M,,
way,904308304,Boulevard Gustave Roullier,M,,
way,909953553,Rue François Bovesse,M,,
way,927094085,Rue Willy Ernst,M,,
way,927563104,Rue Willy Ernst,M,,
way,938098799,Place Hubert Moulin,M,,
way,940034933,Rue Odon Godart,M,,
way,941365374,Rue Lucien François,M,,
way,941366009,Avenue Albert 1er,M,,
way,941366010,Rue Fernand Bernard,M,,
way,941855521,Rue Louis Gilles,M,,
way,947703726,Rue Marcel Creusiaux,M,,
way,952072516,Place Albert 1er,M,,
way,952082090,Avenue Paul Pastur,M,,
way,952082095,Avenue Paul Pastur,M,,
way,952082096,Avenue Paul Pastur,M,,
way,952082097,Avenue Paul Pastur,M,,
way,952082098,Avenue Paul Pastur,M,,
way,952126935,Boulevard Joseph Tirou,M,,
way,952126937,Boulevard Pierre Mayence,M,,
way,952126940,Boulevard Paul Janson,M,,
way,952126948,Boulevard Jacques Bertrand,M,,
way,952774222,Avenue Marius Meurée,M,,
way,952774223,Avenue Marius Meurée,M,,
way,952774224,Avenue Marius Meurée,M,,
way,952774226,Avenue Marius Meurée,M,,
way,952774227,Avenue Marius Meurée,M,,
way,952774228,Avenue Marius Meurée,M,,
way,952781921,Avenue Eugène Mascaux,M,,
way,952781922,Avenue Eugène Mascaux,M,,
way,952781924,Avenue Eugène Mascaux,M,,
way,952781925,Avenue Eugène Mascaux,M,,
way,952781926,Avenue Eugène Mascaux,M,,
way,953077768,Rue Jean Ligny,M,,
way,953077769,Rue François Duray,M,,
way,953105782,Pont Olof Palme,M,,
way,953105783,Pont Olof Palme,M,,
way,953106800,Rue Olof Palme,M,,
way,953107417,Rue Olof Palme,M,,
way,953107418,Rue Olof Palme,M,,
way,953464181,Rue Jean Duvieusart,M,,
way,957184620,Rue Alphonse Planche,M,,
way,971339412,Rue Louis Empain,M,,
way,971339413,Rue Louis Empain,M,,
way,977087923,Rue Winston Churchill,M,,
way,977922221,Avenue Caporal Alain Debatty,M,,
way,978084212,Rue Auguste Delvaux,M,,
way,978084213,Rue Auguste Delvaux,M,,
way,978084215,Rue Jules Coppée,M,,
way,978084216,Rue Jules Coppée,M,,
way,978104848,Boulevard Paul Janson,M,,
way,990854953,Rue Nestor Bal,M,,
way,990854954,Avenue Paul Pastur,M,,
way,990854955,Avenue Paul Pastur,M,,
way,990854961,Rue Napoléon Lejong,M,,
way,990854963,Avenue Paul Pastur,M,,
way,990854964,Avenue Paul Pastur,M,,
way,1017962456,Rue Alexandre Gouverneur,M,,
way,1019063214,Rue Émile Maufort,M,,
way,1019063219,Rue Joseph Wauters,M,,
way,1019063232,Place Jules Destrée,M,,
way,1019063233,Place Jules Destrée,M,,
way,1019063251,Rue Casimir Lambert,M,,
way,1019104616,Place Louis Delhaize,M,,
way,1019104617,Place Louis Delhaize,M,,
way,1019104622,Rue Paul Pastur,M,,
way,1019380625,Rue Ville n°2,M,,
way,1019380626,Rue Ville n°2,M,,
way,1019380627,Rue Ville n°2,M,,
way,1019380628,Rue Ville n°2,M,,
way,1019380629,Rue Ville n°2,M,,
way,1019380630,Rue Ville n°2,M,,
way,1019397040,Avenue Caporal Alain Debatty,M,,
way,1019397041,Avenue Caporal Alain Debatty,M,,
way,1019397042,Avenue Caporal Alain Debatty,M,,
way,1019402719,Rue Louis Lambert,M,,
way,1019671593,Avenue Paul Pastur,M,,
way,1019999959,Rue Arthur Gailly,M,,
way,1020506643,Rue Alfred Nobel,M,,
way,1021164570,Rue Arthur Dubois,M,,
way,1021164573,Place Albert 1er,M,,
way,1021164579,Rue Auguste Frison,M,,
way,1021164588,Place Jules Francq,M,,
way,1021164589,Rue Émile Vandervelde,M,,
way,1023261882,Rue Georges Tourneur,M,,
way,1023261884,Rue Georges Tourneur,M,,
way,1023261885,Rue Georges Tourneur,M,,
way,1023261886,Rue Georges Tourneur,M,,
way,1023261887,Rue Georges Tourneur,M,,
way,1025144006,Rue François Duray,M,,
way,1025144007,Rue François Duray,M,,
way,1025144008,Rue Jean-Baptiste Vanpetegem,M,,
way,1026777314,Rue Edouard Lacroix,M,,
way,1026777318,Rue Léon Rucquoy,M,,
way,1028613797,Rue Edmond Aubry,M,,
way,1028613804,Rue François Givron,M,,
way,1028613806,Rue Henri Loriaux,M,,
way,1028613808,Rue Eugène Gilles,M,,
way,1028613809,Rue Jules Hoebeke,M,,
way,1028630557,Rue Edmond Aubry,M,,
way,1029319673,Rue Arthur Decoux,M,,
way,1029320989,Rue François Léon Bruyerre,M,,
way,1031967949,Avenue Alexander Fleming,M,,
way,1031975697,Avenue Jean Mermoz,M,,
way,1031975703,Avenue Georges Lemaître,M,,
way,1032830468,Rue Alfred Thiébaut,M,,
way,1035738829,Avenue Paul Pastur,M,,
way,1037093493,Rue Dieudonné Cambier,M,,
way,1037093494,Rue Augustin Berger,M,,
way,1037093495,Place Hubert Moulin,M,,
way,1037093496,Place Hubert Moulin,M,,
way,1037305679,Rue Auguste Scohy,M,,
way,1037305681,Rue Jules Destrée,M,,
way,1037305685,Rue Carlo Hénin,M,,
way,1037312259,Place Jules Destrée,M,,
way,1038705903,Rue Jules Destrée,M,,
way,1038995726,Rue Joseph Fourneaux,M,,
way,1039517031,Rue Georges Tourneur,M,,
way,1039517034,Rue Joseph Lambillotte,M,,
way,1040455472,Place Omer Musch,M,,
way,1040770009,Rue Émile Vandervelde,M,,
way,1040889185,Rue Alphonse Helsen,M,,
way,1040893587,Rue Herbert Hoover,M,,
way,1040893588,Rue Alphonse Helsen,M,,
way,1040897754,Rue Gaston Wautot,M,,
way,1040899443,Avenue Emile Stassart,M,,
way,1040899444,Rue Léon Mercier,M,,
way,1046767377,Rue Alfred Lombard,M,,
way,1049362103,Rue Léopold II,M,,
way,1052004211,Rue Charles Lindberg,M,,
way,1063289765,Rue Georges Maroye,M,,
way,1063629423,Avenue Caporal Alain Debatty,M,,
way,1063629430,Avenue Caporal Alain Debatty,M,,
way,1063629431,Avenue Caporal Alain Debatty,M,,
way,1063629432,Avenue Caporal Alain Debatty,M,,
way,1063629433,Avenue Caporal Alain Debatty,M,,
way,1063631905,Avenue Caporal Alain Debatty,M,,
way,1063637396,Rue Philippe Monnoyer,M,,
way,1065080912,Rue Olof Palme,M,,
way,1084052913,Avenue Alexander Fleming,M,,
way,1090795904,Place Charles II,M,,
way,1092895745,Place Albert Premier,M,,
way,1092895746,Place Albert Premier,M,,
way,1094967694,Boulevard Joseph Tirou,M,,
way,1115948482,Rue Max Lambert,M,,
way,1118303502,Rue Émile Vandervelde,M,,
way,1118303503,Rue Fernand Stilmant,M,,
way,1128282204,Rue Jean Jaurès,M,,
way,1128468100,Rue Ali Autome,M,,
way,1130875596,Rue Léopold Wautiez,M,,
way,1134467212,Square Jules Hiernaux,M,,
way,1134842455,Boulevard Paul Janson,M,,
way,1137274898,Rue Jean Monnet,M,,
way,1154554548,Rue Léopold Tombelle,M,,
way,1154554549,Rue Alfred Leroy,M,,
way,1154554550,Rue Alfred Leroy,M,,
way,1164844251,Rue Jules Lafontaine,M,,
way,1164844257,Rue Jules Lafontaine,M,,
way,1164868795,Rue Joseph Parée,M,,
way,1164868797,Rue Joseph Parée,M,,
way,1164872357,Rue Louis Delattre,M,,
way,1164872358,Rue Louis Delattre,M,,
way,1164872359,Rue Louis Delattre,M,,
